{"cameraMode":{"drawMode":0,"name":"Shaded","section":"Shading Mode"},"sceneLighting":false,"audioPlay":false,"sceneViewState":{"showFog":true,"showMaterialUpdate":false,"showSkybox":true,"showFlares":true,"showImageEffects":true,"showParticleSystems":true},"in2DMode":false,"pivot":{"x":-2.497887134552002,"y":6.20156192779541,"z":-11.162744522094727},"rotation":{"x":-0.18061517179012299,"y":0.8176432847976685,"z":-0.3558821976184845,"w":-0.41496485471725466},"size":13.088845252990723,"orthographic":false}