{"cameraMode":{"drawMode":0,"name":"Shaded","section":"Shading Mode"},"sceneLighting":true,"audioPlay":false,"sceneViewState":{"showFog":true,"showMaterialUpdate":false,"showSkybox":true,"showFlares":true,"showImageEffects":true,"showParticleSystems":true},"in2DMode":false,"pivot":{"x":-15.460750579833985,"y":3.8908214569091799,"z":-14.428400993347168},"rotation":{"x":-0.11058635264635086,"y":0.8880971670150757,"z":-0.28879618644714358,"w":-0.340078741312027},"size":23.115903854370118,"orthographic":false}