{"cameraMode":{"drawMode":0,"name":"Shaded","section":"Shading Mode"},"sceneLighting":false,"audioPlay":false,"sceneViewState":{"showFog":false,"showMaterialUpdate":false,"showSkybox":false,"showFlares":false,"showImageEffects":false,"showParticleSystems":false},"in2DMode":false,"pivot":{"x":-6.108786582946777,"y":-40.29627990722656,"z":33.18229675292969},"rotation":{"x":0.33759430050849917,"y":0.01411812100559473,"z":-0.005066366866230965,"w":0.9411777853965759},"size":66.47952270507813,"orthographic":false}