{"cameraMode":{"drawMode":0,"name":"Shaded","section":"Shading Mode"},"sceneLighting":false,"audioPlay":false,"sceneViewState":{"showFog":false,"showMaterialUpdate":false,"showSkybox":false,"showFlares":false,"showImageEffects":false,"showParticleSystems":false},"in2DMode":false,"pivot":{"x":-7.175500869750977,"y":-9.705354690551758,"z":15.481048583984375},"rotation":{"x":0.15771934390068055,"y":0.014811699278652668,"z":-0.0023659372236579658,"w":0.9873722195625305},"size":39.64571762084961,"orthographic":false}