{"cameraMode":{"drawMode":0,"name":"Shaded","section":"Shading Mode"},"sceneLighting":false,"audioPlay":false,"sceneViewState":{"showFog":false,"showMaterialUpdate":false,"showSkybox":false,"showFlares":false,"showImageEffects":false,"showParticleSystems":false},"in2DMode":false,"pivot":{"x":-11.997085571289063,"y":-31.852096557617189,"z":33.39942932128906},"rotation":{"x":-0.28718069195747378,"y":0.3528292775154114,"z":-0.11472844332456589,"w":-0.8831256628036499},"size":88.35293579101563,"orthographic":false}